SNP,CHROM,POS,P.value,maf,nobs,effect,Phenotype_Variance_Explained(%)
Chr2_25818629,2,25818629,8.1248640213826e-05,0.141791044776119,201,0.0979984665706162,0
Chr3_1756908,3,1756908,5.79720148409545e-05,0.101990049751244,201,0.106365558014863,2.30788378825314e-09
Chr5_19166440,5,19166440,8.1760039914303e-05,0.151741293532338,201,0.0914300998356178,0.181840224309582
Chr9_32522350,9,32522350,6.08130378465453e-05,0.181592039800995,201,0.0762185728880117,1.39060776807728e-09
Chr12_10862193,12,10862193,1.17782104167789e-05,0.146766169154229,201,0.104139674528567,0.130822863930024
Chr12_13984284,12,13984284,8.49947527513322e-05,0.124378109452736,201,0.0925516438138299,1.74073677444149e-09
Chr12_14923877,12,14923877,6.82764254836868e-05,0.109452736318408,201,0.102760019960185,0
Chr12_18094581,12,18094581,8.42606878198762e-05,0.139303482587065,201,0.093817406608125,0.229408299383551
Chr12_29909187,12,29909187,1.23201676595316e-05,0.101990049751244,201,0.113512240337801,0.0235696442651923
Chr16_21312955,16,21312955,7.58972195509305e-05,0.189054726368159,201,0.0573432168363478,0.153768045393631
Chr17_16985791,17,16985791,6.66645849737363e-05,0.116915422885572,201,0.100786687760482,1.82692584789913
Chr17_24573391,17,24573391,9.21330635073117e-05,0.114427860696517,201,0.101011551258379,0.889591504286735
Chr18_42739,18,42739,9.61121068656352e-05,0.104477611940299,201,0.134951619857183,0.627186428114916
Chr18_2918329,18,2918329,0.000106755085154184,0.144278606965174,201,0.0927543847768317,0.680855939509414
Chr19_4563267,19,4563267,7.96655969712515e-05,0.218905472636816,201,0.0612883606126008,0.423607665102686
Chr19_4582987,19,4582987,6.0921284552057e-06,0.131840796019901,201,0.0733940265611449,3.46611213714896e-10
Chr19_4641431,19,4641431,1.09110863039734e-05,0.151741293532338,201,0.067273475687105,0.261850075856787
Chr19_9759111,19,9759111,8.16021684420897e-05,0.281094527363184,201,0.0525363558248925,0.252157864707003
Chr19_9763004,19,9763004,9.08413070166381e-05,0.283582089552239,201,0.0519247628416548,0.483931274555787
Chr19_9936858,19,9936858,0.000122172281878726,0.256218905472637,201,0.0509885307151094,0.804131321223819
Chr19_9968931,19,9968931,0.000122172281878726,0.256218905472637,201,0.0509885307151094,0.291678866989743
