SNP,CHROM,POS,P.value,maf,nobs,effect,Phenotype_Variance_Explained(%)
Chr1_10109958,1,10109958,4.92459617106483e-05,0.218905472636816,201,0.0882319608720454,0.0882096365935758
Chr1_11800071,1,11800071,0.000104771531088245,0.251243781094527,201,-0.0524370509287848,0.19845937216908
Chr5_20750102,5,20750102,6.12264440970032e-05,0.104477611940299,201,-0.107785905106768,0.58938410978059
Chr5_20813719,5,20813719,0.000125528796377485,0.325870646766169,201,0.0525390606084361,0
Chr5_21083061,5,21083061,0.000131527216829414,0.485074626865672,201,-0.0565074719800467,0.082536045758529
Chr5_25676740,5,25676740,4.97585351017554e-05,0.27363184079602,201,-0.0676501644912736,1.19508280341616
Chr5_32253438,5,32253438,7.40472152290997e-05,0.415422885572139,201,-0.0459149171185667,0.0299261851151133
Chr7_30131958,7,30131958,0.00011460691114786,0.221393034825871,201,0.0929082457729139,0.0437060941445226
Chr9_18917631,9,18917631,2.78867239967393e-05,0.223880597014925,201,-0.091844650001793,0.622412340202969
Chr10_13000171,10,13000171,3.76736298633406e-05,0.238805970149254,201,-0.0915370580642277,0.550952134695475
Chr10_14084534,10,14084534,0.000107641378933605,0.174129353233831,201,0.0889278132690287,0.0933070595952397
Chr10_16005020,10,16005020,0.000110489133944909,0.119402985074627,201,0.0977402052076928,8.92766110576104e-08
Chr14_27267640,14,27267640,6.76935380790592e-05,0.141791044776119,201,0.0957962105530908,0.598153180158466
Chr15_3957186,15,3957186,0.000114438446642732,0.151741293532338,201,0.108027038792332,0.321628992881238
Chr15_20491974,15,20491974,1.734666737086e-05,0.233830845771144,201,0.0930475000478171,0.353155130236444
Chr17_26617991,17,26617991,2.00386993773699e-05,0.181592039800995,201,-0.0962716141305477,0.28931071099168
Chr19_95867,19,95867,2.98742111727036e-05,0.0995024875621891,201,0.113287567685869,0.745421598690539
Chr19_1141320,19,1141320,4.32647942771274e-05,0.368159203980099,201,0.0470846226628844,0.247593779672335
Chr19_2615750,19,2615750,0.000122637499851076,0.146766169154229,201,-0.0621726113696482,0.262586660057822
Chr19_24584469,19,24584469,4.2300232575682e-05,0.151741293532338,201,0.0965534774483312,0.322048775673848
