SNP,CHROM,POS,P.value,maf,nobs,effect,Phenotype_Variance_Explained(%)
Chr1_18672894,1,18672894,7.156577654012e-05,0.1975,200,-0.682378174446373,0.728470765530759
Chr2_13786853,2,13786853,7.48227806984634e-05,0.1225,200,0.775899439742756,0.233425365693646
Chr3_12603417,3,12603417,0.000135144073459733,0.165,200,0.466397105850768,0.722377702152119
Chr5_18533685,5,18533685,9.38473197135524e-05,0.2125,200,-0.505983537931341,0.228769658294049
Chr5_23848109,5,23848109,2.9543681835707e-05,0.15,200,0.757082213427188,0.341189873893659
Chr7_5763485,7,5763485,2.19916150569676e-06,0.2425,200,0.67976785405051,0
Chr8_2728183,8,2728183,0.000101757423150954,0.2675,200,-0.602309537807073,0.453287464861808
Chr9_20463699,9,20463699,0.000160758543115358,0.1775,200,0.662850683275455,0.547420212298018
Chr10_12645182,10,12645182,0.000154380034157464,0.1575,200,0.681433660230287,0.980116809998227
Chr11_42810953,11,42810953,6.20196319244532e-06,0.1025,200,0.924980371087416,0.125462624535277
Chr12_22158985,12,22158985,0.000104501440851911,0.2325,200,-0.65791196351922,0.0278433669305581
Chr12_27140552,12,27140552,9.53234521720921e-05,0.1625,200,0.694478028870675,0.565938041883249
Chr13_2233377,13,2233377,0.000148757873054039,0.1175,200,-0.763067082222208,0.740794490277629
Chr13_3900571,13,3900571,5.0666437933437e-05,0.1025,200,0.581718787352957,0.667662808680818
Chr14_30634661,14,30634661,0.000157630072545027,0.19,200,-0.654203228654162,0.289178216691228
Chr17_18184844,17,18184844,9.02620295159514e-05,0.15,200,0.719521528259621,0.177728318263317
Chr17_23060807,17,23060807,0.000152674473689095,0.11,200,0.773520068987719,0.108469820322174
Chr17_27644115,17,27644115,2.75796838357449e-05,0.19,200,0.737406569494503,0.228879006571121
Chr19_10852989,19,10852989,0.000155060403578662,0.1975,200,0.65655635856954,0.289898993028282
Chr20_26994553,20,26994553,0.000146937581422924,0.1375,200,0.744642478848015,0.40756014124883
