SNP,CHROM,POS,P.value,maf,nobs,effect,Phenotype_Variance_Explained(%)
Chr1_8814866,1,8814866,7.30885439978793e-05,0.0970149253731343,201,-5.94975438743974,0.0575554815449946
Chr7_30131958,7,30131958,0.000137386438469518,0.221393034825871,201,4.94829500584034,0
Chr8_1884258,8,1884258,6.78623872932808e-05,0.276119402985075,201,2.77395692067252,0
Chr8_2357820,8,2357820,0.000120544650385631,0.119402985074627,201,3.58116388302075,0
Chr8_24211364,8,24211364,3.84235784887632e-05,0.161691542288557,201,3.33333368948048,0.0597191959420877
Chr9_28935892,9,28935892,0.000101131035866287,0.161691542288557,201,4.822613659861,0.44674355032335
Chr12_24567168,12,24567168,4.43940356894314e-05,0.194029850746269,201,4.9667896431989,2.66170208211027e-07
Chr13_6213502,13,6213502,4.33267414460934e-05,0.191542288557214,201,3.0679160084756,1.99580159957755
Chr13_8306893,13,8306893,0.000130485840198664,0.213930348258706,201,2.79505151799985,0
Chr14_10287072,14,10287072,0.000116570291542715,0.388059701492537,201,2.42106735419465,0.035877859825949
Chr14_12733951,14,12733951,0.000118587252406661,0.300995024875622,201,2.66611696917456,7.05004083178032e-08
Chr15_7505691,15,7505691,2.46373500212853e-05,0.492537313432836,201,-2.66966102433294,3.54001336109049e-07
Chr15_8227312,15,8227312,0.00012178210671045,0.465174129353234,201,-2.55691433094398,0.516119176975225
Chr17_14308649,17,14308649,9.14798153476735e-05,0.116915422885572,201,-5.57924295788624,1.02572934286816
Chr17_33432436,17,33432436,6.15170262527108e-05,0.263681592039801,201,2.87300602386351,0.388480691564897
Chr19_20783266,19,20783266,5.87030921161939e-05,0.455223880597015,201,-2.45180372857244,0.317355421515804
Chr19_20803517,19,20803517,3.98616741491087e-05,0.460199004975124,201,-2.50284836284652,0.648650140337733
Chr19_20855043,19,20855043,4.06141278957218e-05,0.450248756218905,201,-2.49498917290106,0
Chr19_20956729,19,20956729,0.000103212538602508,0.437810945273632,201,-2.38134202027312,0.20546788716096
Chr20_29468405,20,29468405,0.000116841892689638,0.0970149253731343,201,5.7221105679976,0.564038913479056
