SNP,CHROM,POS,P.value,maf,nobs,effect,Phenotype_Variance_Explained(%)
Chr1_8814866,1,8814866,8.20854128379459e-05,0.0970149253731343,201,-6.08403723669832,4.26297908931719e-07
Chr8_1884258,8,1884258,7.61188583719898e-05,0.276119402985075,201,2.8368902056733,0
Chr8_2357820,8,2357820,0.000108909158375998,0.119402985074627,201,3.70808967083715,0
Chr8_24211364,8,24211364,2.94552155421066e-05,0.161691542288557,201,3.4768411951188,0
Chr12_24567168,12,24567168,3.93307044041991e-05,0.194029850746269,201,5.14367664329645,0
Chr13_6213502,13,6213502,3.80779562411458e-05,0.191542288557214,201,3.17842078877737,0.051437116111685
Chr13_8306893,13,8306893,0.000120942175207211,0.213930348258706,201,2.88998263274067,0.429252506486881
Chr13_19471782,13,19471782,0.000120086448808831,0.258706467661692,201,2.78067727393349,0
Chr13_19523125,13,19523125,0.000120086448808831,0.258706467661692,201,2.78067727393349,0
Chr14_11059596,14,11059596,0.000117587980416656,0.139303482587065,201,3.44118116016981,4.56607523289968e-09
Chr14_11080137,14,11080137,0.000117587980416656,0.139303482587065,201,3.44118116016981,0.030794193948375
Chr14_12733951,14,12733951,0.000131598181122182,0.300995024875622,201,2.72739245238379,0.0868721565964219
Chr15_7505691,15,7505691,4.28401855139122e-05,0.492537313432836,201,-2.67148082410023,0.610385833831725
Chr17_14308649,17,14308649,0.000127287833417648,0.116915422885572,201,-5.6332901383234,0.677460636901345
Chr17_33432436,17,33432436,3.74005141232783e-05,0.263681592039801,201,3.03548627530878,0.6878430242651
Chr19_20783266,19,20783266,4.58903496376434e-05,0.455223880597015,201,-2.55661586525067,0
Chr19_20803517,19,20803517,3.15504966636904e-05,0.460199004975124,201,-2.6065728226305,0
Chr19_20855043,19,20855043,3.17241900233324e-05,0.450248756218905,201,-2.60019057610126,0.371217770216523
Chr19_20956729,19,20956729,8.11671550479485e-05,0.437810945273632,201,-2.48482510604288,0
Chr19_24151540,19,24151540,0.000121511628425539,0.41044776119403,201,-2.44885492678053,0.738874694124505
