SNP,CHROM,POS,P.value,maf,nobs,effect,Phenotype_Variance_Explained(%)
Chr8_1884258,8,1884258,2.91885440312148e-05,0.276119402985075,201,2.71149770442026,0.17841463665369
Chr8_1936820,8,1936820,2.12281821583202e-05,0.114427860696517,201,3.75993741820178,0
Chr8_1955769,8,1955769,2.12281821583202e-05,0.114427860696517,201,3.75993741820178,0
Chr8_2357820,8,2357820,1.71424733925296e-05,0.119402985074627,201,3.71168582148477,0.0625525461473405
Chr8_24211364,8,24211364,4.99305436060626e-05,0.161691542288557,201,3.07496093840085,0.652048700606763
Chr14_10299092,14,10299092,4.30983514913421e-05,0.181592039800995,201,3.1166556595984,1.41550329499066e-09
Chr14_10361502,14,10361502,4.30983514913421e-05,0.181592039800995,201,3.1166556595984,0.186554675911527
Chr14_10366563,14,10366563,4.30983514913421e-05,0.181592039800995,201,3.1166556595984,0
Chr14_10380707,14,10380707,3.98227051203867e-05,0.171641791044776,201,3.48300041909898,7.58801395327403e-09
Chr14_10391222,14,10391222,4.30983514913421e-05,0.181592039800995,201,3.1166556595984,3.91905114833141e-08
Chr14_10996622,14,10996622,2.99579580829921e-05,0.144278606965174,201,3.32898992331689,0.491106079573364
Chr14_11059596,14,11059596,1.42971056056163e-05,0.139303482587065,201,3.48942162623665,1.01293718133444
Chr14_11080137,14,11080137,1.42971056056163e-05,0.139303482587065,201,3.48942162623665,0
Chr14_11518028,14,11518028,2.96526628320102e-05,0.144278606965174,201,3.32231964341901,9.6349173278009e-10
Chr14_14255311,14,14255311,2.93643696305548e-05,0.154228855721393,201,3.22587614328376,0.276632152754937
Chr15_7505691,15,7505691,2.75965361874e-05,0.492537313432836,201,-2.48251702143469,0.000789483238954076
Chr17_33432436,17,33432436,3.36295190422045e-05,0.263681592039801,201,2.77344654810307,0
Chr19_20783266,19,20783266,4.56214663432545e-05,0.455223880597015,201,-2.32402280323756,0
Chr19_20803517,19,20803517,3.28400088454361e-05,0.460199004975124,201,-2.36391452142523,0
Chr19_20855043,19,20855043,5.20806975964371e-05,0.450248756218905,201,-2.30305062725215,0
