SNP,CHROM,POS,P.value,maf,nobs,effect,Phenotype_Variance_Explained(%)
Chr8_1884258,8,1884258,2.76597952139217e-05,0.276119402985075,201,2.55961276487549,0.182808221322602
Chr8_1936820,8,1936820,2.85125531082532e-05,0.114427860696517,201,3.48907463488166,1.37868108601023e-06
Chr8_1955769,8,1955769,2.85125531082532e-05,0.114427860696517,201,3.48907463488166,0.126463740948789
Chr8_2357820,8,2357820,2.19745406762168e-05,0.119402985074627,201,3.45335189416799,0.558225150254278
Chr13_6213502,13,6213502,4.59217360113423e-05,0.191542288557214,201,2.69278427881596,4.20920756901326e-09
Chr14_10287072,14,10287072,3.72197539137574e-05,0.388059701492537,201,2.26957049154018,0.152854675694195
Chr14_10299092,14,10299092,3.63572496956631e-05,0.181592039800995,201,2.95996080587343,0
Chr14_10361502,14,10361502,3.63572496956631e-05,0.181592039800995,201,2.95996080587343,0
Chr14_10366563,14,10366563,3.63572496956631e-05,0.181592039800995,201,2.95996080587343,2.52720103155746e-09
Chr14_10380707,14,10380707,3.7075493651917e-05,0.171641791044776,201,3.29105415599198,0.0703268703138762
Chr14_10391222,14,10391222,3.63572496956631e-05,0.181592039800995,201,2.95996080587343,0.365801230824451
Chr14_10996622,14,10996622,4.81358291483049e-05,0.144278606965174,201,3.0584794747916,0.876407922365955
Chr14_11059596,14,11059596,2.28951198730294e-05,0.139303482587065,201,3.21275884469371,1.52307895303068e-08
Chr14_11080137,14,11080137,2.28951198730294e-05,0.139303482587065,201,3.21275884469371,0
Chr14_11518028,14,11518028,4.7339241635824e-05,0.144278606965174,201,3.0534799619512,0.00280334973785558
Chr14_14255311,14,14255311,4.44192171775943e-05,0.154228855721393,201,2.97333429378695,0.0899659021005156
Chr15_7505691,15,7505691,1.2909810261941e-05,0.492537313432836,201,-2.42353018613623,1.88092022426485e-07
Chr17_33432436,17,33432436,4.74335711421914e-05,0.263681592039801,201,2.56493885065083,0
Chr19_20783266,19,20783266,4.42770734077405e-05,0.455223880597015,201,-2.19126394163317,0
Chr19_20803517,19,20803517,3.12469944436147e-05,0.460199004975124,201,-2.23108299489969,0
