SNP,CHROM,POS,P.value,maf,nobs,effect,Phenotype_Variance_Explained(%)
Chr2_11057309,2,11057309,1.31335234326649e-05,0.0995024875621891,201,3.24072475148288,1.66959096545099
Chr5_15890890,5,15890890,5.58739104568612e-05,0.154228855721393,201,2.11057106179841,0.80110672304596
Chr5_17774486,5,17774486,6.53940486996364e-05,0.124378109452736,201,-2.3532099965566,1.61086956591305
Chr5_20207709,5,20207709,3.23631177542323e-07,0.134328358208955,201,-2.46063152475342,2.81032903302304
Chr8_2952610,8,2952610,5.57092072002043e-10,0.189054726368159,201,-2.90590235256057,1.15453186134061
Chr9_10907482,9,10907482,3.37739808165104e-05,0.189054726368159,201,-2.06426767248128,0.699110910301498
Chr9_20106429,9,20106429,2.07093241977076e-06,0.181592039800995,201,2.13351855217607,0.786413968269601
Chr10_8695941,10,8695941,1.30068947266363e-06,0.13681592039801,201,-2.45237593758383,1.10672854306655
Chr10_17524920,10,17524920,7.34566664458926e-07,0.146766169154229,201,2.42207548008306,0.44794012905138
Chr12_15190058,12,15190058,8.06149965898864e-06,0.146766169154229,201,2.30262611056621,1.41617739909375
Chr13_19290873,13,19290873,1.00935031602371e-05,0.398009950248756,201,-1.04918423876564,0.599913144252852
Chr14_8346521,14,8346521,2.09686081177502e-06,0.131840796019901,201,-2.03637541598114,0.707233325107007
Chr15_6046433,15,6046433,3.29322181941235e-05,0.109452736318408,201,2.46444753808627,0.337664587067785
Chr16_1711912,16,1711912,1.80193745601918e-06,0.126865671641791,201,-2.39724869681519,0.882546027970289
Chr16_10597115,16,10597115,7.0171148987405e-05,0.236318407960199,201,-1.8862784772234,0.373956441548187
Chr17_26500215,17,26500215,1.41507752392521e-07,0.238805970149254,201,2.36342946930043,1.67986305876346
Chr17_33432436,17,33432436,1.35348614889214e-07,0.263681592039801,201,1.53853040746558,1.93747407025845
Chr17_33701634,17,33701634,1.37203169873658e-07,0.196517412935323,201,-2.5922982118697,0
Chr20_1200914,20,1200914,5.65043889275036e-08,0.166666666666667,201,2.74940248010562,0.671130884674427
Chr20_20550745,20,20550745,3.55957898876462e-06,0.116915422885572,201,2.36626624140975,5.36124011734811
