SNP,CHROM,POS,P.value,maf,nobs,effect,Phenotype_Variance_Explained(%)
Chr2_11886954,2,11886954,0.000103637798694552,0.199004975124378,201,0.0480765482967923,0.567030928044639
Chr4_11860998,4,11860998,7.6724376946813e-05,0.109452736318408,201,0.0548095060324398,0.380457586381478
Chr5_31757467,5,31757467,9.97632272323318e-06,0.164179104477612,201,0.0543223351000855,0.904967637758054
Chr8_8207987,8,8207987,8.11393185640006e-05,0.104477611940299,201,0.0515729459914292,0.131561483145402
Chr9_21586259,9,21586259,7.92052728075412e-06,0.0995024875621891,201,0.0666900889906289,0
Chr10_12502107,10,12502107,9.54994062865997e-05,0.121890547263682,201,0.0462830145089788,0.000445838431526192
Chr11_36306758,11,36306758,2.1512928705031e-05,0.176616915422886,201,0.0540994826390586,0.0748358857964864
Chr11_38609145,11,38609145,1.0930110728893e-05,0.0895522388059701,201,0.0472501594488745,0.920771955768563
Chr11_38990054,11,38990054,6.25775376787255e-05,0.109452736318408,201,0.0424435745686158,1.85995311091787e-08
Chr14_82515,14,82515,9.68114984407192e-05,0.124378109452736,201,0.039365632948669,2.51544931739471e-08
Chr14_18893921,14,18893921,9.05888677432875e-05,0.0945273631840796,201,0.0385576415731369,0.503158854126857
Chr15_16537602,15,16537602,6.73625832326848e-05,0.181592039800995,201,0.0474450016067522,0.395987457881506
Chr16_22002352,16,22002352,6.39561385331515e-05,0.106965174129353,201,0.0384269297430132,0.741742382750783
Chr16_26777452,16,26777452,6.47686539238777e-05,0.171641791044776,201,0.0413446063147902,0.335075838377963
Chr16_26781005,16,26781005,6.47686539238777e-05,0.171641791044776,201,0.0413446063147902,0.440968368080338
Chr17_2637488,17,2637488,7.16251741246554e-05,0.340796019900498,201,0.0280822979583743,0.144429744650924
Chr17_2667528,17,2667528,4.0763337597889e-05,0.159203980099502,201,0.0341333064891596,0.634605232879773
Chr17_6148598,17,6148598,3.39783173110299e-05,0.330845771144279,201,0.0279625270990397,0.894422365173194
Chr17_32316271,17,32316271,6.61690201448195e-05,0.283582089552239,201,0.0264545706894354,0.644452137182686
Chr20_9949895,20,9949895,3.41956296545972e-05,0.206467661691542,201,0.0362857993620572,0.205587981272221
