SNP,CHROM,POS,P.value,maf,nobs,effect,Phenotype_Variance_Explained(%)
Chr2_5645115,2,5645115,0.000156212114634493,0.233830845771144,201,0.389706608441073,0
Chr4_26200119,4,26200119,1.05983980941693e-05,0.17910447761194,201,-0.349259788571567,0.264230977742124
Chr6_7626507,6,7626507,0.000180516519812085,0.121890547263682,201,-0.450838184540222,0.48285057812304
Chr6_9567702,6,9567702,4.30795623827543e-05,0.206467661691542,201,-0.423907681774986,0.0132944704336576
Chr8_1739621,8,1739621,0.000227017841756302,0.166666666666667,201,0.424269583771065,0.214118445036484
Chr8_24234097,8,24234097,6.95032897865125e-05,0.189054726368159,201,0.301953619525294,0.478179132701628
Chr9_2260442,9,2260442,7.88587376507458e-05,0.233830845771144,201,0.4125086772916,0.380805861533877
Chr9_18423864,9,18423864,8.211507404294e-05,0.104477611940299,201,-0.495807148177909,0.194575637834372
Chr12_10357769,12,10357769,0.00011422626923842,0.199004975124378,201,-0.412288604207579,0.262117206187596
Chr12_16866939,12,16866939,0.00016909193399414,0.194029850746269,201,-0.395494056606343,0.0193734277088999
Chr13_6142791,13,6142791,7.57283925396846e-05,0.495024875621891,201,0.234872765651293,0.0607735830261225
Chr14_879679,14,879679,6.36037525419784e-05,0.161691542288557,201,-0.396534775810151,0.238242348104691
Chr14_4696720,14,4696720,0.000192040961074287,0.23134328358209,201,-0.243765699482229,0.242041102400641
Chr14_23166941,14,23166941,9.69717731840677e-05,0.241293532338308,201,0.410779492974752,0.735539348479999
Chr15_22261802,15,22261802,0.000251402417901614,0.261194029850746,201,0.356481256753089,0.25574483701325
Chr17_23909812,17,23909812,0.000172232220377424,0.18407960199005,201,-0.405459402098121,0.92957124860279
Chr17_33579804,17,33579804,7.01046084333313e-05,0.256218905472637,201,0.391996718148499,0
Chr19_5076225,19,5076225,0.000287033863974391,0.139303482587065,201,-0.280044164000017,0.147031939974568
Chr19_25190040,19,25190040,0.00016847996454382,0.238805970149254,201,0.417317792633912,0.32552370226091
Chr20_15702516,20,15702516,0.000101604468033224,0.151741293532338,201,-0.432599950454132,0.0324882547417279
