SNP,CHROM,POS,P.value,maf,nobs,effect,Phenotype_Variance_Explained(%)
Chr5_24024943,5,24024943,5.29550814526817e-05,0.106965174129353,201,0.329987493872334,0.339723416517063
Chr5_25005046,5,25005046,0.00013272661035172,0.144278606965174,201,0.306201888951967,0
Chr5_25192001,5,25192001,0.00013272661035172,0.144278606965174,201,0.306201888951967,0.385134663536336
Chr5_25639166,5,25639166,0.00013272661035172,0.144278606965174,201,0.306201888951967,4.99163012786312e-06
Chr5_25659825,5,25659825,0.00013272661035172,0.144278606965174,201,0.306201888951967,1.0047557913531
Chr5_30314269,5,30314269,8.98053925267733e-05,0.171641791044776,201,0.25568422539926,0.268517799763998
Chr5_31012318,5,31012318,8.46384149257496e-06,0.161691542288557,201,0.301519425086789,0.186857686414247
Chr5_31182194,5,31182194,6.64380895705193e-06,0.17910447761194,201,0.267455823233999,0.0584971235124736
Chr5_31757467,5,31757467,2.28556066993472e-05,0.164179104477612,201,0.293191212409258,0.347343810808702
Chr6_6600505,6,6600505,3.16676661476593e-05,0.114427860696517,201,0.319925053380323,6.74368179338322e-08
Chr6_11181122,6,11181122,9.39173545255211e-05,0.13681592039801,201,0.284423853823046,0
Chr7_23402146,7,23402146,0.000103025175836719,0.139303482587065,201,0.183155202006894,0.105784085678099
Chr7_26780596,7,26780596,7.91381149161731e-05,0.131840796019901,201,0.191122171626463,0.452121780051224
Chr7_26846195,7,26846195,9.73217983400051e-05,0.335820895522388,201,0.138387363488369,0.452629853329641
Chr8_2084489,8,2084489,5.32947441093251e-05,0.221393034825871,201,0.162056090721602,0.195448334769411
Chr10_13000171,10,13000171,0.000123498047097041,0.238805970149254,201,-0.256020150626564,5.05319226102521e-08
Chr11_36306758,11,36306758,0.000120469047715958,0.176616915422886,201,0.276720309362158,0.890922494122915
Chr13_8418627,13,8418627,3.7173556296796e-05,0.156716417910448,201,0.18580975461996,0
Chr15_7505691,15,7505691,4.28352342732083e-06,0.492537313432836,201,-0.161119858701243,3.15002058998102e-07
Chr15_9513753,15,9513753,6.12054892351443e-05,0.45273631840796,201,0.137909421053894,3.29382893687061e-06
Chr17_6148598,17,6148598,3.8528868380557e-05,0.330845771144279,201,0.156169496192736,1.19267851958916e-08
Chr19_3888516,19,3888516,2.21326089590629e-05,0.395522388059701,201,0.150013298272908,0.668602001748072
