SNP,CHROM,POS,P.value,maf,nobs,effect,Phenotype_Variance_Explained(%)
Chr2_19587811,2,19587811,1.82433936798714e-05,0.129353233830846,201,1.4556336712624,0.793808125169484
Chr3_9921186,3,9921186,2.2707973030801e-05,0.106965174129353,201,1.55805323931549,1.1534229817402
Chr5_21946467,5,21946467,6.9778114423857e-05,0.201492537313433,201,1.1069052558004,6.74837991063692
Chr6_1163155,6,1163155,2.44034868345038e-05,0.495024875621891,201,-0.670410222026732,0.193684609545923
Chr6_9567702,6,9567702,2.92198313727045e-05,0.206467661691542,201,1.2510213070679,0.153202743161661
Chr7_21424522,7,21424522,5.66176792679783e-05,0.199004975124378,201,0.869027058811646,0.466176006298546
Chr9_8563835,9,8563835,6.62255371716039e-05,0.23134328358209,201,1.27667450746538,0.614406662858439
Chr9_27332983,9,27332983,1.43923339226234e-05,0.199004975124378,201,1.25297550040403,0.0602480679661865
Chr10_12645182,10,12645182,3.51632677813558e-05,0.156716417910448,201,1.3195353536961,0.0171299053141922
Chr12_11600641,12,11600641,1.30243130448681e-05,0.104477611940299,201,1.58641761315954,0.00939994516049865
Chr13_22752958,13,22752958,8.64371780885254e-05,0.116915422885572,201,0.972747272090114,0.203392850947795
Chr14_3486422,14,3486422,7.7232497553031e-05,0.171641791044776,201,1.27629139062141,0.195581645499023
Chr14_9457224,14,9457224,6.07313246909599e-05,0.211442786069652,201,1.19709540401388,0.316994009289478
Chr15_9153834,15,9153834,8.31570446342235e-05,0.166666666666667,201,0.885849163804427,0.331001001461525
Chr15_22326968,15,22326968,8.51817409339294e-05,0.0995024875621891,201,1.45736368903535,6.13978281513349e-08
Chr15_25606397,15,25606397,6.05756360715048e-05,0.181592039800995,201,1.23262271907852,2.20648112127815e-08
Chr17_23909812,17,23909812,4.86608032708798e-05,0.18407960199005,201,1.26204975516282,0.178948226091487
Chr18_2903629,18,2903629,8.3478119389413e-05,0.134328358208955,201,1.32093110813743,0.0815851180499177
Chr18_14200876,18,14200876,8.11145928108009e-05,0.189054726368159,201,0.860383750059585,0.0953580234703015
Chr18_17484705,18,17484705,5.24968806452518e-05,0.0995024875621891,201,1.07080324866129,0.384766699403716
