SNP,CHROM,POS,P.value,maf,nobs,effect,Phenotype_Variance_Explained(%)
Chr2_11685558,2,11685558,2.92442887494006e-05,0.181592039800995,201,0.881825276244007,0.101658002251624
Chr2_20636649,2,20636649,0.000124782502035153,0.116915422885572,201,0.89756176139447,0.197888080074655
Chr4_30105836,4,30105836,6.19737758576676e-05,0.350746268656716,201,-0.65800993048961,0
Chr8_134640,8,134640,0.000114204207702885,0.189054726368159,201,-0.506328967184717,0.0767670592241689
Chr8_1101816,8,1101816,1.21715053499458e-05,0.296019900497512,201,-0.516585186843331,0
Chr8_1167108,8,1167108,5.07491901607126e-05,0.263681592039801,201,-0.495327116168962,0.285597794471226
Chr8_1339754,8,1339754,8.16638312532786e-05,0.236318407960199,201,-0.495444442440848,0.108957223898271
Chr8_1486635,8,1486635,7.95556286326245e-05,0.430348258706468,201,-0.422974038655757,0
Chr8_1855609,8,1855609,5.31272705927452e-05,0.467661691542289,201,0.445496902095006,9.72572807345406e-10
Chr8_2047073,8,2047073,0.000121021380637893,0.196517412935323,201,-0.492299950232955,0.144724573429893
Chr8_2084489,8,2084489,4.11022467954949e-05,0.221393034825871,201,-0.503024578133109,0.668087123521366
Chr8_2470838,8,2470838,6.81947048454057e-06,0.248756218905473,201,-0.535846449407088,0.475898481870054
Chr8_22697192,8,22697192,0.000114204207702885,0.189054726368159,201,-0.506328967184717,0
Chr8_24234097,8,24234097,1.63949315299934e-06,0.189054726368159,201,0.694527284105163,0
Chr9_22874674,9,22874674,5.37077768039837e-05,0.139303482587065,201,-0.95191755496397,0.346125959763278
Chr13_5974354,13,5974354,4.13680504612017e-05,0.0995024875621891,201,-1.03702325587357,0.964819403944145
Chr15_7505691,15,7505691,7.95551765997183e-05,0.492537313432836,201,0.427347256698411,0
Chr15_9513753,15,9513753,8.35585939835473e-05,0.45273631840796,201,-0.414749360723152,0
Chr17_33432436,17,33432436,9.75374026998889e-05,0.263681592039801,201,-0.476511624006827,0.747245136682945
Chr18_20147952,18,20147952,7.72324468163253e-05,0.248756218905473,201,-0.795772984568083,0.97697079406421
