SNP,CHROM,POS,P.value,maf,nobs,effect,Phenotype_Variance_Explained(%)
Chr2_11057309,2,11057309,1.46568298345552e-05,0.0995024875621891,201,4.96322049863956,0.199001284435959
Chr8_1884258,8,1884258,1.3944212027653e-05,0.276119402985075,201,2.26373693362606,7.65884765657852e-10
Chr8_1936820,8,1936820,4.87981379513404e-06,0.114427860696517,201,3.23673339486954,0
Chr8_1955769,8,1955769,4.87981379513404e-06,0.114427860696517,201,3.23673339486954,0
Chr8_2357820,8,2357820,1.24893187951173e-05,0.119402985074627,201,3.03524514744852,0
Chr8_2470838,8,2470838,2.85971076723361e-05,0.248756218905473,201,2.21320320591792,0
Chr8_27096908,8,27096908,1.64830557288364e-05,0.104477611940299,201,3.1143618274588,0.112046080286596
Chr14_8461553,14,8461553,2.71652437164863e-05,0.159203980099502,201,2.56562068607347,0.562414436034342
Chr14_10299092,14,10299092,9.22477989331903e-06,0.181592039800995,201,2.70447523640648,4.24524491385989e-09
Chr14_10361502,14,10361502,9.22477989331903e-06,0.181592039800995,201,2.70447523640648,3.25747906150891e-09
Chr14_10366563,14,10366563,9.22477989331903e-06,0.181592039800995,201,2.70447523640648,0.00792309447831309
Chr14_10380707,14,10380707,8.55854562366339e-06,0.171641791044776,201,3.02003093366943,0.0854751176881531
Chr14_10391222,14,10391222,9.22477989331903e-06,0.181592039800995,201,2.70447523640648,0
Chr14_10434118,14,10434118,1.70537273787896e-05,0.17910447761194,201,2.6329645290128,0
Chr14_10996622,14,10996622,1.53342595767735e-05,0.144278606965174,201,2.7705728285202,0.0768931654177823
Chr14_11059596,14,11059596,7.85909610232655e-06,0.139303482587065,201,2.88878482284909,0.525861518919944
Chr14_11080137,14,11080137,7.85909610232655e-06,0.139303482587065,201,2.88878482284909,0
Chr14_11518028,14,11518028,1.66475209673519e-05,0.144278606965174,201,2.75294311158024,2.51921313330131e-07
Chr14_14255311,14,14255311,2.08759270674994e-05,0.154228855721393,201,2.64296911683799,0
Chr17_33432436,17,33432436,2.01435988149145e-05,0.263681592039801,201,2.29178650651963,0.889011042843555
