SNP,CHROM,POS,P.value,maf,nobs,effect,Phenotype_Variance_Explained(%)
Chr2_5645115,2,5645115,0.000156212116431504,0.233830845771144,201,0.041661388848934,0
Chr4_26200119,4,26200119,1.05983981726796e-05,0.17910447761194,201,-0.0373374419409914,0.263902187216711
Chr6_7626507,6,7626507,0.00018051651822955,0.121890547263682,201,-0.0481966292874873,0.48319975165267
Chr6_9567702,6,9567702,4.30795612055472e-05,0.206467661691542,201,-0.0453176374800937,0.0133523452610273
Chr8_1739621,8,1739621,0.000227017843578773,0.166666666666667,201,0.0453563263407073,0.21393425177342
Chr8_24234097,8,24234097,6.95032888398382e-05,0.189054726368159,201,0.0322801997800553,0.478551480989707
Chr9_2260442,9,2260442,7.88587350343345e-05,0.233830845771144,201,0.0440990326591251,0.380303318164867
Chr9_18423864,9,18423864,8.21150736250865e-05,0.104477611940299,201,-0.0530040137062147,0.194964565973045
Chr12_10357769,12,10357769,0.000114226269554356,0.199004975124378,201,-0.0440755057659138,0.262065667265303
Chr12_16866939,12,16866939,0.000169091931419418,0.194029850746269,201,-0.0422800931530504,0.0192658054626581
Chr13_6142791,13,6142791,7.57283943210064e-05,0.495024875621891,201,0.0251089547927847,0.0607285507291736
Chr14_879679,14,879679,6.36037539734419e-05,0.161691542288557,201,-0.042391350622633,0.238485566067882
Chr14_4696720,14,4696720,0.000192040960368289,0.23134328358209,201,-0.0260596494486384,0.24206479424502
Chr14_23166941,14,23166941,9.69717733551444e-05,0.241293532338308,201,0.0439141749917358,0.735857949713784
Chr15_22261802,15,22261802,0.00025140241279024,0.261194029850746,201,0.0381094494263785,0.255993626984102
Chr17_23909812,17,23909812,0.000172232221154635,0.18407960199005,201,-0.0433454333456295,0.929373634059326
Chr17_33579804,17,33579804,7.01046079384892e-05,0.256218905472637,201,0.0419062119215162,0
Chr19_5076225,19,5076225,0.000287033869457544,0.139303482587065,201,-0.0299379803981423,0.147070779867769
Chr19_25190040,19,25190040,0.000168479963367168,0.238805970149254,201,0.0446131486507073,0.325473194709699
Chr20_15702516,20,15702516,0.00010160446739781,0.151741293532338,201,-0.0462468800402742,0.0325246004268419
