SNP,CHROM,POS,P.value,maf,nobs,effect,Phenotype_Variance_Explained(%)
Chr9_31265132,9,31265132,2.09149186512934e-05,0.139303482587065,201,0.627874486456576,0.117492642653504
Chr11_42761394,11,42761394,3.22034871928805e-05,0.348258706467662,201,0.496414524418712,0
Chr15_25266534,15,25266534,2.69843103163723e-05,0.124378109452736,201,0.918866360179631,0.328529000933863
Chr16_18685790,16,18685790,1.23129661281173e-05,0.0970149253731343,201,0.744345684786305,0.142666375901288
Chr16_18923147,16,18923147,1.23129661281173e-05,0.0970149253731343,201,0.744345684786305,1.67326865067726e-09
Chr16_19115901,16,19115901,1.23129661281173e-05,0.0970149253731343,201,0.744345684786305,4.54777861403125e-09
Chr16_19471504,16,19471504,1.23129661281173e-05,0.0970149253731343,201,0.744345684786305,0
Chr16_19994144,16,19994144,3.21408964854511e-05,0.106965174129353,201,0.677976977100332,9.05074901578813e-09
Chr16_20246553,16,20246553,3.07194970627922e-05,0.141791044776119,201,0.604477998877028,2.78330540535007e-09
Chr16_20535997,16,20535997,7.10176913790932e-06,0.111940298507463,201,0.721549076815607,0
Chr16_20598802,16,20598802,3.0945437329522e-05,0.126865671641791,201,0.633376803451293,0
Chr16_20627234,16,20627234,2.43599793300319e-05,0.121890547263682,201,0.655182869148326,0
Chr16_21149722,16,21149722,3.629457608746e-05,0.13681592039801,201,0.613227538252179,0
Chr16_21195340,16,21195340,3.629457608746e-05,0.13681592039801,201,0.613227538252179,1.08325489937565e-08
Chr16_21706553,16,21706553,2.33808985685124e-05,0.131840796019901,201,0.63511601176561,6.75605055788868e-09
Chr16_21842544,16,21842544,2.45380453186019e-05,0.131840796019901,201,0.631859655004012,0
Chr16_21916438,16,21916438,1.40754710656476e-05,0.126865671641791,201,0.660684432318939,1.03119275154017e-08
Chr16_22386261,16,22386261,1.40754710656476e-05,0.126865671641791,201,0.660684432318939,53.1877656447654
Chr16_22605547,16,22605547,2.28321852658275e-05,0.131840796019901,201,0.636562330081344,0.217442694083943
Chr17_34205510,17,34205510,2.84753414348835e-05,0.124378109452736,201,0.644756824882164,0
Chr19_5060327,19,5060327,2.55360718412977e-05,0.17910447761194,201,0.550507167933576,0
