SNP,CHROM,POS,P.value,maf,nobs,effect,Phenotype_Variance_Explained(%)
Chr9_31265132,9,31265132,1.21994686825635e-05,0.139303482587065,201,0.359453408150681,0.621075984861415
Chr15_25266534,15,25266534,3.21691548687132e-05,0.124378109452736,201,0.508289441851169,38.469014006363
Chr16_18685790,16,18685790,5.52951038112973e-05,0.0970149253731343,201,0.385148855208677,3.79271321388042e-10
Chr16_18923147,16,18923147,5.52951038112973e-05,0.0970149253731343,201,0.385148855208677,4.6950066066357e-10
Chr16_19115901,16,19115901,5.52951038112973e-05,0.0970149253731343,201,0.385148855208677,0
Chr16_19471504,16,19471504,5.52951038112973e-05,0.0970149253731343,201,0.385148855208677,2.36751295377164e-09
Chr16_20119673,16,20119673,1.92164915675891e-05,0.17910447761194,201,0.314549455916215,0.280309373272615
Chr16_20246553,16,20246553,2.30648042644323e-05,0.141791044776119,201,0.34227400820226,5.94215386694916e-09
Chr16_20535997,16,20535997,8.18475118387333e-06,0.111940298507463,201,0.39988840679645,0
Chr16_20598802,16,20598802,3.87511910977615e-05,0.126865671641791,201,0.349451510011964,0
Chr16_20627234,16,20627234,3.08442722706955e-05,0.121890547263682,201,0.361334475528285,0
Chr16_21149722,16,21149722,4.22999074900174e-05,0.13681592039801,201,0.339586317892966,0
Chr16_21195340,16,21195340,4.22999074900174e-05,0.13681592039801,201,0.339586317892966,0
Chr16_21448285,16,21448285,4.34457597579162e-05,0.13681592039801,201,0.338705765328005,4.70253948660078e-09
Chr16_21567578,16,21567578,4.34457597579162e-05,0.13681592039801,201,0.338705765328005,0
Chr16_21706553,16,21706553,3.34603551207007e-05,0.131840796019901,201,0.348096491298941,0
Chr16_21842544,16,21842544,3.59063553041667e-05,0.131840796019901,201,0.345890840245642,2.55932952972293e-09
Chr16_21916438,16,21916438,2.49867820927691e-05,0.126865671641791,201,0.358525432789494,1.53475574427996e-08
Chr16_22386261,16,22386261,2.49867820927691e-05,0.126865671641791,201,0.358525432789494,1.00718077178888e-09
Chr16_22605547,16,22605547,3.25905173362416e-05,0.131840796019901,201,0.348946729487605,0
Chr17_34205510,17,34205510,3.4961493361484e-05,0.124378109452736,201,0.356112391198069,3.5672577162066e-10
