SNP,CHROM,POS,P.value,maf,nobs,effect,Phenotype_Variance_Explained(%)
Chr1_14970166,1,14970166,1.40992269895304e-06,0.211442786069652,201,-0.887692100924814,0.755446092608268
Chr1_17108124,1,17108124,3.07802000007032e-06,0.23134328358209,201,0.850020772491273,0.540868007026188
Chr2_3712503,2,3712503,2.15354737461592e-05,0.246268656716418,201,0.757939798956656,0.159960154234688
Chr2_21591205,2,21591205,7.44754128099304e-06,0.101990049751244,201,0.704138291837278,0.0600512886661714
Chr3_13108937,3,13108937,2.59071129878123e-05,0.246268656716418,201,-0.855673459999252,0.383069410805326
Chr3_26488007,3,26488007,3.19257438077362e-07,0.156716417910448,201,0.930106128045329,0.10086240113004
Chr5_30942473,5,30942473,2.11285575363825e-08,0.104477611940299,201,-0.885995160779233,2.11602969283464
Chr6_17617645,6,17617645,5.19817887340737e-05,0.139303482587065,201,-1.02930314516207,0.600533903274375
Chr6_18492559,6,18492559,9.31127079831445e-08,0.246268656716418,201,0.975705985358186,0.804580406271039
Chr9_4716713,9,4716713,9.97944907188703e-06,0.186567164179104,201,0.805007715477041,0.0450543557334521
Chr9_22984429,9,22984429,3.34086903952057e-05,0.161691542288557,201,-0.885337035411064,0.137998183481058
Chr10_8695941,10,8695941,1.36765504890967e-05,0.13681592039801,201,0.827428891920286,0.823735512328027
Chr11_22692173,11,22692173,3.98193935891924e-05,0.228855721393035,201,-0.721707907659011,1.38052405813875
Chr13_15804068,13,15804068,6.73317301534014e-06,0.121890547263682,201,-0.967866879577409,1.09095694443721
Chr13_21493792,13,21493792,3.30032006864943e-05,0.121890547263682,201,-0.968112807955743,0.0624795289420237
Chr16_11609039,16,11609039,8.55167364368768e-08,0.131840796019901,201,-1.09975245465586,6.31655549064517
Chr19_2109095,19,2109095,2.09183406873798e-06,0.111940298507463,201,-0.998177165769481,0.463310981912515
Chr19_18316775,19,18316775,1.14526091739474e-07,0.141791044776119,201,-0.869157970292429,0.467786220230023
Chr20_1200914,20,1200914,9.05279290551669e-06,0.166666666666667,201,-0.891096255415173,0.703719229676842
Chr20_3331670,20,3331670,2.20883030288965e-09,0.109452736318408,201,-1.44373850490891,0.955376440972526
