SNP,CHROM,POS,P.value,maf,nobs,effect,Phenotype_Variance_Explained(%)
Chr2_11057309,2,11057309,4.51016227599213e-06,0.0995024875621891,201,0.497397199502464,1.17779054704828e-07
Chr4_26022367,4,26022367,3.12637404349234e-05,0.313432835820896,201,0.204975524619043,1.53099366036427e-07
Chr7_21711522,7,21711522,7.02139439955066e-05,0.251243781094527,201,-0.334893805508095,0
Chr8_1936820,8,1936820,6.32554161169812e-05,0.114427860696517,201,0.272506257810534,2.15243561254511e-07
Chr8_1955769,8,1955769,6.32554161169812e-05,0.114427860696517,201,0.272506257810534,1.1694582438068e-07
Chr8_2084489,8,2084489,6.13151397477435e-05,0.221393034825871,201,0.207197322689144,6.24301365716781e-09
Chr8_2357820,8,2357820,2.40094812584196e-05,0.119402985074627,201,0.27999393096781,0.224396080399973
Chr8_2444395,8,2444395,4.42362403836858e-05,0.134328358208955,201,0.254189801536444,6.99535197762433
Chr13_24036813,13,24036813,3.0511065535865e-05,0.141791044776119,201,0.264466614170122,0.346897024507851
Chr14_8461553,14,8461553,6.45450890516293e-05,0.159203980099502,201,0.233337352684864,0
Chr14_10299092,14,10299092,5.72936424326161e-05,0.181592039800995,201,0.235303234740669,2.60618384344656e-08
Chr14_10361502,14,10361502,5.72936424326161e-05,0.181592039800995,201,0.235303234740669,4.03374514741954e-08
Chr14_10366563,14,10366563,5.72936424326161e-05,0.181592039800995,201,0.235303234740669,1.79236474321062e-08
Chr14_10380707,14,10380707,5.24837882413846e-05,0.171641791044776,201,0.263125546797732,0
Chr14_10391222,14,10391222,5.72936424326161e-05,0.181592039800995,201,0.235303234740669,1.02984593781516
Chr14_10434118,14,10434118,6.30635094885845e-05,0.17910447761194,201,0.234408437275419,0.0957869272708777
Chr14_10996622,14,10996622,6.09802138731298e-05,0.144278606965174,201,0.245878434154094,2.92107913877065e-07
Chr14_11059596,14,11059596,5.14845878802128e-05,0.139303482587065,201,0.251006239068828,4.08435208008136e-07
Chr14_11080137,14,11080137,5.14845878802128e-05,0.139303482587065,201,0.251006239068828,0.643104031515022
Chr16_20119673,16,20119673,2.37313689143791e-05,0.17910447761194,201,0.238287456650242,1.17841139558947
