SNP,CHROM,POS,P.value,maf,nobs,effect,Phenotype_Variance_Explained(%)
Chr1_22771689,1,22771689,3.74640474643748e-05,0.13,200,0.255585834800378,0
Chr2_15013535,2,15013535,1.8238908634425e-05,0.115,200,0.276454352147741,0.0810447925333571
Chr2_22133060,2,22133060,3.19976309062676e-05,0.1,200,0.293483069242849,0
Chr6_17098721,6,17098721,2.26578393065247e-05,0.14,200,0.244454817031268,8.51104814877262e-10
Chr8_23891919,8,23891919,4.09464749380391e-05,0.095,200,0.193645945274395,0
Chr8_24268324,8,24268324,3.65645728784716e-05,0.095,200,0.194582323499386,0
Chr8_24467957,8,24467957,6.14754482598111e-05,0.095,200,0.190168063229106,0
Chr9_14490962,9,14490962,2.79220414037874e-05,0.095,200,0.223824812884979,0.461753358863124
Chr11_11869485,11,11869485,4.06738679408843e-05,0.16,200,0.256467708651682,1.98389017134322e-08
Chr11_41589600,11,41589600,5.5580092011444e-05,0.3225,200,0.135669733831089,1.02771691443155
Chr16_18685790,16,18685790,2.61362039509304e-05,0.0925,200,0.204821468900735,0.00980789018013479
Chr16_18923147,16,18923147,2.61362039509304e-05,0.0925,200,0.204821468900735,3.06907578685536
Chr16_19115901,16,19115901,2.61362039509304e-05,0.0925,200,0.204821468900735,4.20355328977064
Chr16_19471504,16,19471504,2.61362039509304e-05,0.0925,200,0.204821468900735,0
Chr18_17135006,18,17135006,9.91961804088551e-06,0.1575,200,0.249694444673412,0
Chr18_17319810,18,17319810,8.76516311493068e-06,0.14,200,0.274463684223696,0
Chr18_17393695,18,17393695,8.76516311493068e-06,0.14,200,0.274463684223696,0.315798118082226
Chr19_5060327,19,5060327,3.28236380488837e-06,0.18,200,0.16913265028419,0.265000402344865
Chr19_5081210,19,5081210,1.19349103994834e-05,0.195,200,0.155568531004202,0.570309937129866
Chr20_26481565,20,26481565,2.79406156156364e-05,0.105,200,0.280089671179622,0.583859352423982
