SNP,CHROM,POS,P.value,maf,nobs,effect,Phenotype_Variance_Explained(%)
Chr5_3323609,5,3323609,0.000130786523242278,0.0945273631840796,201,0.185259559617146,12.8291321576907
Chr5_23224247,5,23224247,0.000135605433473558,0.467661691542289,201,-0.104863065951522,0.00610283354696276
Chr5_24773726,5,24773726,0.00012961880580694,0.126865671641791,201,0.226250785165744,4.97492554645571e-09
Chr10_8695941,10,8695941,9.27584715935713e-06,0.13681592039801,201,-0.275484929876641,2.09204944665415
Chr13_7864480,13,7864480,0.000108140661176613,0.151741293532338,201,0.152734313133011,2.78412223511298e-09
Chr13_8418627,13,8418627,1.25715995289777e-05,0.156716417910448,201,0.166396533440148,4.8162162736851e-10
Chr13_8464232,13,8464232,0.000174708911807799,0.166666666666667,201,0.142030787140299,0
Chr13_9256471,13,9256471,0.00011783752662375,0.350746268656716,201,0.120272385394138,7.11664563129383e-10
Chr14_10299092,14,10299092,0.000115600820265494,0.181592039800995,201,0.148857738678286,0
Chr14_10361502,14,10361502,0.000115600820265494,0.181592039800995,201,0.148857738678286,0.0921967944068602
Chr14_10366563,14,10366563,0.000115600820265494,0.181592039800995,201,0.148857738678286,0
Chr14_10391222,14,10391222,0.000115600820265494,0.181592039800995,201,0.148857738678286,0.429303415706436
Chr14_10434118,14,10434118,0.000130760664718602,0.17910447761194,201,0.147960472772316,0
Chr18_10630579,18,10630579,9.6665568033225e-05,0.116915422885572,201,0.229310738008031,0.19533226668126
Chr19_4226405,19,4226405,2.38391036289593e-05,0.169154228855721,201,0.215230288507358,0.292323702639104
Chr19_9759111,19,9759111,0.000147487531796374,0.281094527363184,201,0.130013690478155,0.253744149014566
Chr19_9763004,19,9763004,9.75629230038702e-05,0.283582089552239,201,0.132586088824037,0
Chr19_20855043,19,20855043,0.000162073356135432,0.450248756218905,201,-0.108820341322351,0.677068253917897
Chr20_16509362,20,16509362,0.00013969558992866,0.246268656716418,201,-0.223590884358981,0.394065591882015
Chr20_29468405,20,29468405,0.000121996668062873,0.0970149253731343,201,0.269247170393454,0
