SNP,CHROM,POS,P.value,maf,nobs,effect,Phenotype_Variance_Explained(%)
Chr2_2998376,2,2998376,9.79135455608184e-05,0.134328358208955,201,0.323546033536859,0.332314731900162
Chr3_20934132,3,20934132,5.86273361302134e-05,0.149253731343284,201,0.322780717069513,0.442622229755628
Chr4_9007421,4,9007421,0.000159336462927608,0.194029850746269,201,0.288629831908178,0.0197766908537747
Chr7_11093827,7,11093827,0.000103095565674162,0.121890547263682,201,-0.319795522318526,0.313167369920216
Chr7_11096089,7,11096089,0.000131314991474444,0.126865671641791,201,-0.300834889859356,0.35398216108017
Chr9_9657392,9,9657392,0.000115587410857401,0.111940298507463,201,0.341425883009115,0.433868298578113
Chr9_24844473,9,24844473,9.78905064863832e-05,0.186567164179104,201,0.305191214908796,0.254952062510574
Chr9_34269367,9,34269367,0.000128703159433856,0.139303482587065,201,0.338251260576316,0.423833705013369
Chr10_12645182,10,12645182,0.000104064949505788,0.156716417910448,201,-0.308225390955225,0.0565929569720449
Chr11_6315135,11,6315135,6.4244608889002e-06,0.206467661691542,201,0.334722860887014,0.0377844491821199
Chr11_17422368,11,17422368,0.000135378743191838,0.139303482587065,201,0.34628224960886,0.421651655835212
Chr11_21942588,11,21942588,1.39259077417512e-05,0.161691542288557,201,0.339076466894767,0
Chr11_35489212,11,35489212,0.000164586353687663,0.114427860696517,201,0.312093141689438,0.611016647418116
Chr12_26939668,12,26939668,4.80625737169061e-05,0.18407960199005,201,-0.309699444041967,0.0152957068577593
Chr13_22160101,13,22160101,0.000159896130948458,0.18407960199005,201,0.276357910325243,0.715772080455214
Chr14_8589885,14,8589885,0.000110625469827981,0.154228855721393,201,0.205166140697122,0.134126335239294
Chr15_14379335,15,14379335,9.20873866470447e-05,0.243781094527363,201,0.288394322728594,0.232588984657299
Chr16_17932376,16,17932376,0.00012162988143826,0.278606965174129,201,0.168235296315352,0
Chr19_24823092,19,24823092,3.04705461082488e-05,0.114427860696517,201,0.335356825505214,0.643913248096637
Chr20_8636855,20,8636855,0.000143122071776655,0.358208955223881,201,-0.213534720576173,0.365273413445903
