SNP,CHROM,POS,P.value,maf,nobs,effect,Phenotype_Variance_Explained(%)
Chr1_14970166,1,14970166,2.42432342871838e-09,0.211442786069652,201,-0.960790679432273,2.29724617859429
Chr2_19040268,2,19040268,3.54832015755541e-07,0.141791044776119,201,-1.28628541466892,0.987228854407971
Chr4_26200119,4,26200119,7.78662844222878e-06,0.17910447761194,201,-0.627159316574342,0.457226035159674
Chr5_26526609,5,26526609,5.85362104555269e-05,0.211442786069652,201,0.72173714928741,4.72393208915233
Chr7_21567695,7,21567695,9.82267582440176e-05,0.169154228855721,201,-0.85657362403407,1.33697483028762
Chr7_26222788,7,26222788,7.44660053426376e-05,0.121890547263682,201,-0.766243725231174,0.633587823616783
Chr7_26423678,7,26423678,9.70248588471304e-05,0.119402985074627,201,-0.677816685775191,2.55937754275578
Chr8_985008,8,985008,5.17746264803071e-05,0.106965174129353,201,-0.888577945248826,1.27463157036267
Chr8_13136472,8,13136472,4.89582189752783e-08,0.181592039800995,201,-0.779425023759853,0.326870839099243
Chr8_24179157,8,24179157,7.09258791524301e-05,0.477611940298507,201,0.516157525076441,1.1910601115948
Chr11_10948701,11,10948701,5.64748208034735e-05,0.258706467661692,201,-0.455566212098306,1.31539566670521
Chr11_29224944,11,29224944,0.000116584537117445,0.18407960199005,201,-0.681488300231504,1.02732176085437
Chr11_40538778,11,40538778,4.5581969338959e-07,0.216417910447761,201,-0.821194316707663,0.446524537834273
Chr12_24747368,12,24747368,4.14794217092691e-05,0.218905472636816,201,0.746285719907554,1.36557891638993
Chr13_15570933,13,15570933,1.58438362096442e-06,0.141791044776119,201,0.85673088085752,0.139607672378153
Chr16_10597115,16,10597115,6.68237380318235e-08,0.236318407960199,201,0.893124268796368,0.186495177847175
Chr18_4205086,18,4205086,4.54474090286624e-06,0.169154228855721,201,-0.778640115093936,0.790591506720321
Chr19_18687553,19,18687553,1.65226251088049e-05,0.206467661691542,201,0.796402797427042,0.754085103731289
Chr20_1200914,20,1200914,3.69218504468762e-06,0.166666666666667,201,-0.838088965815949,2.89307681093421
Chr20_29928929,20,29928929,3.2895331486571e-05,0.169154228855721,201,0.512312811242548,1.34359687152193
