SNP,CHROM,POS,P.value,maf,nobs,effect,Phenotype_Variance_Explained(%)
Chr2_11057309,2,11057309,4.08968677707723e-05,0.0995024875621891,201,0.486647767589419,0.0640098885417739
Chr2_11272624,2,11272624,0.000261198580207564,0.144278606965174,201,-0.367109062065682,0.294869609618161
Chr5_2115923,5,2115923,7.8520095010394e-05,0.490049751243781,201,-0.21019769372319,0.0513541244417507
Chr5_4476460,5,4476460,0.000191267927380508,0.114427860696517,201,-0.389223360787916,22.6939512333778
Chr5_20207085,5,20207085,0.000177681099402959,0.0895522388059701,201,-0.44894326345017,0.117472516527374
Chr6_6349135,6,6349135,0.000172648084589338,0.17910447761194,201,-0.220899548451619,0.245048015696222
Chr6_10080467,6,10080467,0.00032695155325089,0.164179104477612,201,-0.345578022959636,0.13964498523544
Chr9_17113766,9,17113766,0.000367178932346534,0.164179104477612,201,-0.22119666357068,0.306095602926795
Chr9_17939663,9,17939663,0.000234657689174167,0.126865671641791,201,-0.382056880766326,0.732526059969594
Chr12_25086966,12,25086966,0.000188110421260103,0.121890547263682,201,-0.394094071592516,0.104374421251155
Chr12_27153461,12,27153461,4.58366632786729e-05,0.124378109452736,201,-0.434741817673808,0.421039822678147
Chr13_12821431,13,12821431,0.000314732293234465,0.417910447761194,201,0.206305113769455,0.178202077648534
Chr14_10338796,14,10338796,0.000332498169440771,0.355721393034826,201,0.230201099024551,0.585416407707662
Chr16_10699162,16,10699162,6.31496592222497e-05,0.139303482587065,201,-0.405355935589217,0.0567499689408681
Chr17_29412829,17,29412829,7.88289398447199e-05,0.129353233830846,201,-0.40556202777446,0.340230600576475
Chr18_13625434,18,13625434,0.000382216624410171,0.124378109452736,201,-0.397666074672237,0.227740573663511
Chr18_14571889,18,14571889,0.000130071510398993,0.114427860696517,201,-0.421828620568142,0.203505231041041
Chr19_23576825,19,23576825,0.000240861815453096,0.104477611940299,201,-0.409796152394319,0.330471794060339
Chr20_1021930,20,1021930,0.000195290420513498,0.114427860696517,201,-0.440623033482698,0.427493867010607
Chr20_24904448,20,24904448,0.000339152854282047,0.196517412935323,201,-0.330793851908831,0.151704970549933
